{"bzjEzKgV37+lpvRy+1DJcA==":"the-blue-city-of-chefchaouen-1400x931.jpg","Uddkc3QuPhZ4Umv08J97aQ==":"akchour-600x375.jpg","t4HPsgmKR+1Yk1m8vGNmWw==":"the-blue-city-of-chefchaouen-600x399.jpg","wCDLb8prnamagJcZ7cE3CA==":"shutterstock_520637860-2-600x357.jpg","94niCUcc3wHSgQqj9BaNOg==":"marrakech-xlarge-600x375.jpg","oPAea+t0o0n+LsYGdxHo5Q==":"t%C3%A9l%C3%A9chargement-275x183.jpg","5NzVjsnbcAJv7n08uKvOSA==":"excursion-ouarzazate-grid-600x268.jpg","lIbzfG2JryS6tb9zuYJiPQ==":"ouarzazate-draa-tafilalet-maroc-tourisme-460x359.png","xiEex+Tfz4mticCEo6GcWA==":"29000a-600x338.jpg","biP5so/aX03j8vZSxDArYg==":"images-300x168.jpg","Q2lgnE1vUd4j9GXI865SLg==":"381500-600x240.jpg","b2/n/jdVQbIH5/iv8nd8mA==":"tour_img-508198-146-600x392.jpg","OcjlGlnwBnM82YW7sjg1Jg==":"articlesprincipalesessaouira_2-600x300.jpg","lrJgqT6X0/4WSN1dohO0ag==":"articlesprincipalesessaouira-2-600x300.jpg","ouz5ZjoyNkf+jVWzQkGlbA==":"10920-600x400.jpg","rfHUm5ZIdDh3fTnxB26Fug==":"maroc-265x309.png","MEODGKvJX198vyokzkWTVw==":"onmt-265x133.jpg","zFN5APz9CBkAhGuf3Xqr4g==":"logo-tourisme-couleur-et-blanc-sur-fond-transparent.gif"}